[
  {
    "name": "Zamnesia",
    "url": "https://zamnesia.com",
    "countries": [
      "DE",
      "NL",
      "ES"
    ],
    "paymentMethods": [
      "PayPal",
      "Credit Card",
      "SEPA"
    ],
    "rating": 4.7,
    "affiliateId": "AFF123ZAM",
    "shipping": {
      "cost": 5.0,
      "currency": "EUR",
      "estimatedDays": 5
    }
  },
  {
    "name": "Royal Queen Seeds",
    "url": "https://royalqueenseeds.com",
    "countries": [
      "DE",
      "UK",
      "FR"
    ],
    "paymentMethods": [
      "PayPal",
      "Credit Card"
    ],
    "rating": 4.5,
    "affiliateId": "AFF789RQS",
    "shipping": {
      "cost": 4.0,
      "currency": "EUR",
      "estimatedDays": 4
    }
  },
  {
    "name": "Philosopher Seeds",
    "url": "https://philosopherseeds.com",
    "countries": [
      "ES",
      "IT"
    ],
    "paymentMethods": [
      "Credit Card",
      "Bank Transfer"
    ],
    "rating": 4.2,
    "affiliateId": "AFF456PHS",
    "shipping": {
      "cost": 6.0,
      "currency": "EUR",
      "estimatedDays": 6
    }
  },
  {
    "name": "Dinafem Seeds",
    "url": "https://dinafem.org",
    "countries": [
      "ES",
      "DE"
    ],
    "paymentMethods": [
      "PayPal",
      "Credit Card"
    ],
    "rating": 4.3,
    "affiliateId": "AFF321DNA",
    "shipping": {
      "cost": 5.5,
      "currency": "EUR",
      "estimatedDays": 5
    }
  },
  {
    "name": "Barney's Farm",
    "url": "https://barneysfarm.com",
    "countries": [
      "NL",
      "GB",
      "US"
    ],
    "paymentMethods": [
      "PayPal",
      "Credit Card",
      "Bitcoin"
    ],
    "rating": 4.6,
    "affiliateId": "AFF654BFS",
    "shipping": {
      "cost": 7.0,
      "currency": "EUR",
      "estimatedDays": 7
    }
  }
]